id,name,zone,address,nearest_metro,latitude,longitude,category,crowd_level,description,source
kolkata-0001,24 Palli Udayan Sangha,North/Central Kolkata,"16 Haralal Das St, Entally",Sealdah,,,Community Puja,,"Community Puja in North/Central Kolkata. Address: 16 Haralal Das St, Entally",Dugga Elo 2026
kolkata-0002,37 Palli,North/Central Kolkata,10 Dr Kartik Bose St,Sealdah,,,Community Puja,,Community Puja in North/Central Kolkata. Address: 10 Dr Kartik Bose St,Dugga Elo 2026
kolkata-0003,Ahiritola Jubak Brinda,North/Central Kolkata,83 Ahiritola St,Shobhabazar Sutanuti,,,Community Puja,,Community Puja in North/Central Kolkata. Address: 83 Ahiritola St,Dugga Elo 2026
kolkata-0004,Bagbazar Pally Puja,North/Central Kolkata,"Girish Ave, Sovabazar",Shyambazar,,,Community Puja,,"Community Puja in North/Central Kolkata. Address: Girish Ave, Sovabazar",Dugga Elo 2026
kolkata-0005,Bagbazar Sarbojanin,North/Central Kolkata,78 Bagbazar St,Shyambazar,,,Community Puja,,Community Puja in North/Central Kolkata. Address: 78 Bagbazar St,Dugga Elo 2026
kolkata-0006,Baghbazar Haldar Bari er Pujo,North/Central Kolkata,"17/1 Kaliprasad Chakraborty St, Baghbazar, Kolkata 700003",Shobhabazar Sutanuti,,,Community Puja,,"Community Puja in North/Central Kolkata. Address: 17/1 Kaliprasad Chakraborty St, Baghbazar, Kolkata 700003",Dugga Elo 2026
kolkata-0007,Belgachia Olaichandi,North/Central Kolkata,"97 Khudiram Bose Rd, Belgachia",Belgachhia,,,Community Puja,,"Community Puja in North/Central Kolkata. Address: 97 Khudiram Bose Rd, Belgachia",Dugga Elo 2026
kolkata-0008,Belgachia Sadharan,North/Central Kolkata,"Tala, Belgachia",Belgachhia,,,Community Puja,,"Community Puja in North/Central Kolkata. Address: Tala, Belgachia",Dugga Elo 2026
kolkata-0009,Chalta Bagan,North/Central Kolkata,"159D Vivekananda Rd, Manicktala",Girish Park,,,Community Puja,,"Community Puja in North/Central Kolkata. Address: 159D Vivekananda Rd, Manicktala",Dugga Elo 2026
kolkata-0010,Chorebagan Sarbojanin,North/Central Kolkata,"Radha Madhab Saha Ln, Simla",Mahatma Gandhi Road,,,Community Puja,,"Community Puja in North/Central Kolkata. Address: Radha Madhab Saha Ln, Simla",Dugga Elo 2026
kolkata-0011,College Square,North/Central Kolkata,College St,Central,,,Community Puja,Very High,Community Puja in North/Central Kolkata. Address: College St,Dugga Elo 2026
kolkata-0012,Cossipore Naba Yubak Sangha,North/Central Kolkata,"Rustam Ji Parsi Rd, Cossipore",Dum Dum,,,Community Puja,,"Community Puja in North/Central Kolkata. Address: Rustam Ji Parsi Rd, Cossipore",Dugga Elo 2026
kolkata-0013,Dum Dum Park Bharat Chakra,North/Central Kolkata,"Tank No. 2, Dum Dum Park, South Dumdum",Central Park,,,Community Puja,,"Community Puja in North/Central Kolkata. Address: Tank No. 2, Dum Dum Park, South Dumdum",Dugga Elo 2026
kolkata-0014,Dum Dum Park Sarbojanin,North/Central Kolkata,"225/1, Dum Dum Park, South Dumdum",Central Park,,,Community Puja,,"Community Puja in North/Central Kolkata. Address: 225/1, Dum Dum Park, South Dumdum",Dugga Elo 2026
kolkata-0015,Friends' Union,North/Central Kolkata,9 Bhabnath Sen St,Shyambazar,,,Community Puja,,Community Puja in North/Central Kolkata. Address: 9 Bhabnath Sen St,Dugga Elo 2026
kolkata-0016,Garpar Matri Mandir,North/Central Kolkata,"16, Brindaban Mullick 1st Ln, Manicktala",Girish Park,,,Community Puja,,"Community Puja in North/Central Kolkata. Address: 16, Brindaban Mullick 1st Ln, Manicktala",Dugga Elo 2026
kolkata-0017,Gouribari Sarbojanin,North/Central Kolkata,"4 Gouri Bari Ln, Manicktala",Shyambazar,,,Community Puja,,"Community Puja in North/Central Kolkata. Address: 4 Gouri Bari Ln, Manicktala",Dugga Elo 2026
kolkata-0018,Hari Ghosh Lane,North/Central Kolkata,"Hari Ghosh St, Manicktala",Shobhabazar Sutanuti,,,Community Puja,,"Community Puja in North/Central Kolkata. Address: Hari Ghosh St, Manicktala",Dugga Elo 2026
kolkata-0019,Hathkhola Dutta Barir Durga Pujo,North/Central Kolkata,"78 Nimtala Ghat St, Kolkata 700005",Girish Park,,,Community Puja,,"Community Puja in North/Central Kolkata. Address: 78 Nimtala Ghat St, Kolkata 700005",Dugga Elo 2026
kolkata-0020,Hatibagan Sarbojonin,North/Central Kolkata,"134 Sri Aurobinda Sarani, Hati Bagan",Shobhabazar Sutanuti,,,Community Puja,,"Community Puja in North/Central Kolkata. Address: 134 Sri Aurobinda Sarani, Hati Bagan",Dugga Elo 2026
kolkata-0021,Jorasanko Sadharan Durgotsab Samiti,North/Central Kolkata,"34 Vivekananda Rd, Jorasanko",Girish Park,,,Community Puja,,"Community Puja in North/Central Kolkata. Address: 34 Vivekananda Rd, Jorasanko",Dugga Elo 2026
kolkata-0022,Kashi Bose Lane,North/Central Kolkata,"5/1 Kashi Bose Ln, Manicktala",Shobhabazar Sutanuti,,,Community Puja,,"Community Puja in North/Central Kolkata. Address: 5/1 Kashi Bose Ln, Manicktala",Dugga Elo 2026
kolkata-0023,Khelat Ghose er Durga Pujo,North/Central Kolkata,"47 Pathuriaghata St, Kolkata 700006",Girish Park,,,Community Puja,,"Community Puja in North/Central Kolkata. Address: 47 Pathuriaghata St, Kolkata 700006",Dugga Elo 2026
kolkata-0024,Kumartuli Park,North/Central Kolkata,"8B Abhay Mitra St, Kumartuli",Shobhabazar Sutanuti,,,Community Puja,,"Community Puja in North/Central Kolkata. Address: 8B Abhay Mitra St, Kumartuli",Dugga Elo 2026
kolkata-0025,Md. Ali Park,North/Central Kolkata,"Chittaranjan Ave, College Square",Mahatma Gandhi Road,,,Community Puja,Very High,"Community Puja in North/Central Kolkata. Address: Chittaranjan Ave, College Square",Dugga Elo 2026
kolkata-0026,Nabin Sarkar St Sarbojanin,North/Central Kolkata,"35/1A Bagbazar St, Bidhan Sarani, Baghbazar",Shyambazar,,,Community Puja,,"Community Puja in North/Central Kolkata. Address: 35/1A Bagbazar St, Bidhan Sarani, Baghbazar",Dugga Elo 2026
kolkata-0027,Nalin Sarkar Street,North/Central Kolkata,"Nalin Sarkar St, Sovabazar, Hati Bagan",Shyambazar,,,Community Puja,,"Community Puja in North/Central Kolkata. Address: Nalin Sarkar St, Sovabazar, Hati Bagan",Dugga Elo 2026
kolkata-0028,Nawpara Dadabhai Sangha,North/Central Kolkata,"79 AK Mukherjee Rd, Noapara, Palpara, Baranagar",Noapara,,,Community Puja,,"Community Puja in North/Central Kolkata. Address: 79 AK Mukherjee Rd, Noapara, Palpara, Baranagar",Dugga Elo 2026
kolkata-0029,Nimtala Sarbojanin,North/Central Kolkata,"16B Nimtala Ln, Ahiritola",Girish Park,,,Community Puja,,"Community Puja in North/Central Kolkata. Address: 16B Nimtala Ln, Ahiritola",Dugga Elo 2026
kolkata-0030,Paikpara 15 Palli,North/Central Kolkata,"Gangulipara, Paikpara",Belgachhia,,,Community Puja,,"Community Puja in North/Central Kolkata. Address: Gangulipara, Paikpara",Dugga Elo 2026
kolkata-0031,Pally Bashi Brindo,North/Central Kolkata,"LIG Housing, Dutta Bagan, Paikpara",Belgachhia,,,Community Puja,,"Community Puja in North/Central Kolkata. Address: LIG Housing, Dutta Bagan, Paikpara",Dugga Elo 2026
kolkata-0032,Pathuria Ghata 5 ER Pally,North/Central Kolkata,"Malapara, Santoshpur Jorabagan",Girish Park,,,Community Puja,,"Community Puja in North/Central Kolkata. Address: Malapara, Santoshpur Jorabagan",Dugga Elo 2026
kolkata-0033,Rabindra Kanan,North/Central Kolkata,"329 Rabindra Sarani, Ahiritola",Girish Park,,,Community Puja,,"Community Puja in North/Central Kolkata. Address: 329 Rabindra Sarani, Ahiritola",Dugga Elo 2026
kolkata-0034,Ram Mohan Sammilani,North/Central Kolkata,"4 Rammohan Roy Rd, Garpar",Girish Park,,,Community Puja,,"Community Puja in North/Central Kolkata. Address: 4 Rammohan Roy Rd, Garpar",Dugga Elo 2026
kolkata-0035,RAMDULAL NIBAS er Durga Pujo,North/Central Kolkata,"67E Beadon St, Kolkata 700006",Girish Park,,,Community Puja,,"Community Puja in North/Central Kolkata. Address: 67E Beadon St, Kolkata 700006",Dugga Elo 2026
kolkata-0036,Rani Rashmoni er Durga Pujo,North/Central Kolkata,"13 Rani Rashmoni Rd, Janbazar, Kolkata 700013",Park Street,,,Community Puja,,"Community Puja in North/Central Kolkata. Address: 13 Rani Rashmoni Rd, Janbazar, Kolkata 700013",Dugga Elo 2026
kolkata-0037,Santosh Mitra Square,North/Central Kolkata,"Natabar Dutta Row, Bowbazar",Sealdah,,,Community Puja,Very High,"Community Puja in North/Central Kolkata. Address: Natabar Dutta Row, Bowbazar",Dugga Elo 2026
kolkata-0038,Sealdah Athletic Club,North/Central Kolkata,"Kaiser St, Sealdah",Sealdah,,,Community Puja,,"Community Puja in North/Central Kolkata. Address: Kaiser St, Sealdah",Dugga Elo 2026
kolkata-0039,Shyam Square,North/Central Kolkata,"Bidhan Sarani, Shyam Bazar",Shyambazar,,,Community Puja,,"Community Puja in North/Central Kolkata. Address: Bidhan Sarani, Shyam Bazar",Dugga Elo 2026
kolkata-0040,Sikdar Bagan Sadharan,North/Central Kolkata,"1 Sikdar Bagan St, Sovabazar, Hati Bagan",Shyambazar,,,Community Puja,,"Community Puja in North/Central Kolkata. Address: 1 Sikdar Bagan St, Sovabazar, Hati Bagan",Dugga Elo 2026
kolkata-0041,Simla Bayam Samiti,North/Central Kolkata,"9B Simla, Machuabazar",Girish Park,,,Community Puja,,"Community Puja in North/Central Kolkata. Address: 9B Simla, Machuabazar",Dugga Elo 2026
kolkata-0042,Sinthee Sarbojainin,North/Central Kolkata,"15B Roy Para, Sinthee",Dum Dum,,,Community Puja,,"Community Puja in North/Central Kolkata. Address: 15B Roy Para, Sinthee",Dugga Elo 2026
kolkata-0043,Sovabazar 20 Palli Beniatola,North/Central Kolkata,"Beniatola St, Sovabazar",Shobhabazar Sutanuti,,,Community Puja,,"Community Puja in North/Central Kolkata. Address: Beniatola St, Sovabazar",Dugga Elo 2026
kolkata-0044,Sovabazar Rajbari,North/Central Kolkata,"Raja Nabakrishna St, Sovabazar",Shobhabazar Sutanuti,,,Community Puja,,"Community Puja in North/Central Kolkata. Address: Raja Nabakrishna St, Sovabazar",Dugga Elo 2026
kolkata-0045,Sovabazar Rajbarir Durga Pujo,North/Central Kolkata,"36 & 33 Raja Nabakrishna St, Sovabazar, Kolkata 700005",Shobhabazar Sutanuti,,,Community Puja,,"Community Puja in North/Central Kolkata. Address: 36 & 33 Raja Nabakrishna St, Sovabazar, Kolkata 700005",Dugga Elo 2026
kolkata-0046,Sreebhumi Sporting Club,North/Central Kolkata,"Canal St, Sreebhumi, Lake Town, South Dumdum",City Center,,,Community Puja,Very High,"Community Puja in North/Central Kolkata. Address: Canal St, Sreebhumi, Lake Town, South Dumdum",Dugga Elo 2026
kolkata-0047,Srimani Barir Durga Pujo,North/Central Kolkata,"17 Mahendra Srimani St (Sukea St), Kolkata 700009",Girish Park,,,Community Puja,,"Community Puja in North/Central Kolkata. Address: 17 Mahendra Srimani St (Sukea St), Kolkata 700009",Dugga Elo 2026
kolkata-0048,Tala Park,North/Central Kolkata,"Tala Park Rd, Tala",Belgachhia,,,Community Puja,,"Community Puja in North/Central Kolkata. Address: Tala Park Rd, Tala",Dugga Elo 2026
kolkata-0049,Taltala Children's Park (14 Palli),North/Central Kolkata,"Doctor Ln, Ripon Street",Sealdah,,,Community Puja,,"Community Puja in North/Central Kolkata. Address: Doctor Ln, Ripon Street",Dugga Elo 2026
kolkata-0050,Taltala Sarbojanin Lord Para,North/Central Kolkata,"3 Durga Charan Doctor Rd, Maula Ali",Sealdah,,,Community Puja,,"Community Puja in North/Central Kolkata. Address: 3 Durga Charan Doctor Rd, Maula Ali",Dugga Elo 2026
kolkata-0051,Telenga Bagan,North/Central Kolkata,"65 Adhar Chandra Das Ln, Ultadanga",Belgachhia,,,Community Puja,,"Community Puja in North/Central Kolkata. Address: 65 Adhar Chandra Das Ln, Ultadanga",Dugga Elo 2026
kolkata-0052,United Club,North/Central Kolkata,"103 Ultadanga Main Road, Ultadanga",Bengal Chemical,,,Community Puja,,"Community Puja in North/Central Kolkata. Address: 103 Ultadanga Main Road, Ultadanga",Dugga Elo 2026
kolkata-0053,Young Boys Club,North/Central Kolkata,"17 Tarachand Dutta St, Kolutolla",Mahatma Gandhi Road,,,Community Puja,,"Community Puja in North/Central Kolkata. Address: 17 Tarachand Dutta St, Kolutolla",Dugga Elo 2026
kolkata-0054,21 Palli,South/South-East Kolkata,"17 Bondel Rd, Ballygunge",Jatin Das Park,,,Community Puja,,"Community Puja in South/South-East Kolkata. Address: 17 Bondel Rd, Ballygunge",Dugga Elo 2026
kolkata-0055,22 Palli,South/South-East Kolkata,"17 Priyanath Mallick Rd, Bakul Bagan",Jatin Das Park,,,Community Puja,,"Community Puja in South/South-East Kolkata. Address: 17 Priyanath Mallick Rd, Bakul Bagan",Dugga Elo 2026
kolkata-0056,66 Pally,South/South-East Kolkata,"9/5A/1 Nepal Bhattacharya St, Kalighat",Kalighat,,,Community Puja,,"Community Puja in South/South-East Kolkata. Address: 9/5A/1 Nepal Bhattacharya St, Kalighat",Dugga Elo 2026
kolkata-0057,75 Palli,South/South-East Kolkata,"1/1C Debendra Ghosh Rd, Bhowanipore",Netaji Bhavan,,,Community Puja,,"Community Puja in South/South-East Kolkata. Address: 1/1C Debendra Ghosh Rd, Bhowanipore",Dugga Elo 2026
kolkata-0058,78 Palli,South/South-East Kolkata,"4/4 Aftab Mosque Lane, Alipore",Jatin Das Park,,,Community Puja,,"Community Puja in South/South-East Kolkata. Address: 4/4 Aftab Mosque Lane, Alipore",Dugga Elo 2026
kolkata-0059,95 Palli,South/South-East Kolkata,"70A Rahim Ostagar Rd, Jodhpur Park",Rabindra Sarobar,,,Community Puja,,"Community Puja in South/South-East Kolkata. Address: 70A Rahim Ostagar Rd, Jodhpur Park",Dugga Elo 2026
kolkata-0060,Adi Ballygunge Sarbojanin,South/South-East Kolkata,"41P Palm Ave, Ballygunge Park",Ritwik Ghatak,,,Community Puja,,"Community Puja in South/South-East Kolkata. Address: 41P Palm Ave, Ballygunge Park",Dugga Elo 2026
kolkata-0061,Agradut 76 Palli,South/South-East Kolkata,"27 Dhirendranath Ghosh Rd, Bhowanipore",Netaji Bhavan,,,Community Puja,,"Community Puja in South/South-East Kolkata. Address: 27 Dhirendranath Ghosh Rd, Bhowanipore",Dugga Elo 2026
kolkata-0062,Badamtala Ashar Sangha,South/South-East Kolkata,"18-17 Nepal Bhattacharya St, Kalighat",Kalighat,,,Community Puja,Very High,"Community Puja in South/South-East Kolkata. Address: 18-17 Nepal Bhattacharya St, Kalighat",Dugga Elo 2026
kolkata-0063,Bakul Bagan Sarbojanin,South/South-East Kolkata,1A Rajshekhar Bose Sarani,Jatin Das Park,,,Community Puja,,Community Puja in South/South-East Kolkata. Address: 1A Rajshekhar Bose Sarani,Dugga Elo 2026
kolkata-0064,Ballygunge Cultural,South/South-East Kolkata,20 Lake View Rd,Kalighat,,,Community Puja,Very High,Community Puja in South/South-East Kolkata. Address: 20 Lake View Rd,Dugga Elo 2026
kolkata-0065,Bhowanipur Durgotsav,South/South-East Kolkata,Chandra Nath Chatterjee St,Netaji Bhavan,,,Community Puja,,Community Puja in South/South-East Kolkata. Address: Chandra Nath Chatterjee St,Dugga Elo 2026
kolkata-0066,Bosepukur Sitala Mandir,South/South-East Kolkata,"1/27 Bose Pukur Rd, Tal Bagan, Bosepukur, Kasba",VIP Bazar,,,Community Puja,Very High,"Community Puja in South/South-East Kolkata. Address: 1/27 Bose Pukur Rd, Tal Bagan, Bosepukur, Kasba",Dugga Elo 2026
kolkata-0067,Chakraberia Sarbojanin,South/South-East Kolkata,"Chakraberia Road N, Paddapukur",Netaji Bhavan,,,Community Puja,,"Community Puja in South/South-East Kolkata. Address: Chakraberia Road N, Paddapukur",Dugga Elo 2026
kolkata-0068,Chetla Agrani,South/South-East Kolkata,"27/B Jainuddin Mistry Ln, Chetla",Kalighat,,,Community Puja,Very High,"Community Puja in South/South-East Kolkata. Address: 27/B Jainuddin Mistry Ln, Chetla",Dugga Elo 2026
kolkata-0069,Deshapriya Park,South/South-East Kolkata,"Motilal Nehru Rd, Manoharpukur, Kalighat",Kalighat,,,Community Puja,Very High,"Community Puja in South/South-East Kolkata. Address: Motilal Nehru Rd, Manoharpukur, Kalighat",Dugga Elo 2026
kolkata-0070,Ekdalia Evergreen,South/South-East Kolkata,15 Ekdalia Rd,Jatin Das Park,,,Community Puja,Very High,Community Puja in South/South-East Kolkata. Address: 15 Ekdalia Rd,Dugga Elo 2026
kolkata-0071,Forward Club,South/South-East Kolkata,"27/B Kalidas Patitundi Ln, Kalighat",Jatin Das Park,,,Community Puja,,"Community Puja in South/South-East Kolkata. Address: 27/B Kalidas Patitundi Ln, Kalighat",Dugga Elo 2026
kolkata-0072,Golf Green Sarodotsab,South/South-East Kolkata,LIG 1/2 Golf Green,Mahanayak Uttam Kumar,,,Community Puja,,Community Puja in South/South-East Kolkata. Address: LIG 1/2 Golf Green,Dugga Elo 2026
kolkata-0073,Hazra Park Durgotsab,South/South-East Kolkata,"Jatin Das Park, Patuapara, Bhowanipore",Jatin Das Park,,,Community Puja,,"Community Puja in South/South-East Kolkata. Address: Jatin Das Park, Patuapara, Bhowanipore",Dugga Elo 2026
kolkata-0074,Hindustan Club,South/South-East Kolkata,"37/B Hindustan Rd, Dover Terrace, Ballygunge",Jatin Das Park,,,Community Puja,,"Community Puja in South/South-East Kolkata. Address: 37/B Hindustan Rd, Dover Terrace, Ballygunge",Dugga Elo 2026
kolkata-0075,Hindusthan Park Sarbojonin,South/South-East Kolkata,"51/1 Gol Park, Dhakuria",Kalighat,,,Community Puja,,"Community Puja in South/South-East Kolkata. Address: 51/1 Gol Park, Dhakuria",Dugga Elo 2026
kolkata-0076,Jodhpur Park,South/South-East Kolkata,1D Jodhpur Park,Rabindra Sarobar,,,Community Puja,Very High,Community Puja in South/South-East Kolkata. Address: 1D Jodhpur Park,Dugga Elo 2026
kolkata-0077,Kalighat Milan Sangha,South/South-East Kolkata,32 Harish Chatterjee St,Jatin Das Park,,,Community Puja,,Community Puja in South/South-East Kolkata. Address: 32 Harish Chatterjee St,Dugga Elo 2026
kolkata-0078,Maddox Square,South/South-East Kolkata,"Garcha, Ballygunge",Jatin Das Park,,,Community Puja,,"Community Puja in South/South-East Kolkata. Address: Garcha, Ballygunge",Dugga Elo 2026
kolkata-0079,Matri Mandir,South/South-East Kolkata,"22 Bipin Pal Rd, Manoharpukur",Kalighat,,,Community Puja,,"Community Puja in South/South-East Kolkata. Address: 22 Bipin Pal Rd, Manoharpukur",Dugga Elo 2026
kolkata-0080,Mudiali Club,South/South-East Kolkata,"37 SR Das Rd, Mudiali",Rabindra Sarobar,,,Community Puja,Very High,"Community Puja in South/South-East Kolkata. Address: 37 SR Das Rd, Mudiali",Dugga Elo 2026
kolkata-0081,Padmapukur Barwari,South/South-East Kolkata,"47A Paddapukur Ln, Chakraberia",Netaji Bhavan,,,Community Puja,,"Community Puja in South/South-East Kolkata. Address: 47A Paddapukur Ln, Chakraberia",Dugga Elo 2026
kolkata-0082,Park Circus Beniapukur United Puja Committee,South/South-East Kolkata,"Park St, Park Circus",Maidan,,,Community Puja,,"Community Puja in South/South-East Kolkata. Address: Park St, Park Circus",Dugga Elo 2026
kolkata-0083,Phalguni Sangha,South/South-East Kolkata,"Ekdalia, Ballygunge",Jatin Das Park,,,Community Puja,,"Community Puja in South/South-East Kolkata. Address: Ekdalia, Ballygunge",Dugga Elo 2026
kolkata-0084,Rajdanga,South/South-East Kolkata,Rajdanga Chakraborty Para,VIP Bazar,,,Community Puja,,Community Puja in South/South-East Kolkata. Address: Rajdanga Chakraborty Para,Dugga Elo 2026
kolkata-0085,Samajsebi,South/South-East Kolkata,"24A Lake View Rd, Kalighat",Kalighat,,,Community Puja,,"Community Puja in South/South-East Kolkata. Address: 24A Lake View Rd, Kalighat",Dugga Elo 2026
kolkata-0086,Selimpur Pally,South/South-East Kolkata,"110 Selimpur Rd, Dhakuria, Selimpur",Rabindra Sarobar,,,Community Puja,,"Community Puja in South/South-East Kolkata. Address: 110 Selimpur Rd, Dhakuria, Selimpur",Dugga Elo 2026
kolkata-0087,Singhi Park Sarbojanin,South/South-East Kolkata,"18/33 Dover Ln, Ballygunge",Jatin Das Park,,,Community Puja,,"Community Puja in South/South-East Kolkata. Address: 18/33 Dover Ln, Ballygunge",Dugga Elo 2026
kolkata-0088,Suruchi Sangha,South/South-East Kolkata,"500-505 Station Rd, New Alipore",Rabindra Sarobar,,,Community Puja,Very High,"Community Puja in South/South-East Kolkata. Address: 500-505 Station Rd, New Alipore",Dugga Elo 2026
kolkata-0089,Tridhara Sammilani,South/South-East Kolkata,"107 Manoharpukur, Kalighat",Kalighat,,,Community Puja,Very High,"Community Puja in South/South-East Kolkata. Address: 107 Manoharpukur, Kalighat",Dugga Elo 2026
kolkata-0090,Trikon Park,South/South-East Kolkata,"South Rd, Santoshpur",Satyajit Ray,,,Community Puja,,"Community Puja in South/South-East Kolkata. Address: South Rd, Santoshpur",Dugga Elo 2026
kolkata-0091,Uday Sangha,South/South-East Kolkata,"32B D.N. Ghosh Road, Bhowanipore",Netaji Bhavan,,,Community Puja,,"Community Puja in South/South-East Kolkata. Address: 32B D.N. Ghosh Road, Bhowanipore",Dugga Elo 2026
kolkata-0092,Ajeyo Sanghati,South Suburban/South-West Kolkata,"47 Mahatma Gandhi Rd, Haridevpur",Netaji,,,Community Puja,,"Community Puja in South Suburban/South-West Kolkata. Address: 47 Mahatma Gandhi Rd, Haridevpur",Dugga Elo 2026
kolkata-0093,Baghajatin,South Suburban/South-West Kolkata,Chittaranjan Colony 6,Gitanjali,,,Community Puja,,Community Puja in South Suburban/South-West Kolkata. Address: Chittaranjan Colony 6,Dugga Elo 2026
kolkata-0094,Baishnab Ghata Patuli,South Suburban/South-West Kolkata,"Block E, Baishnabghata Patuli Township",Kavi Nazrul,,,Community Puja,,"Community Puja in South Suburban/South-West Kolkata. Address: Block E, Baishnabghata Patuli Township",Dugga Elo 2026
kolkata-0095,Barisha Sarbojonin,South Suburban/South-West Kolkata,35 K K Roychowdhury Rd,Sakherbazar,,,Community Puja,,Community Puja in South Suburban/South-West Kolkata. Address: 35 K K Roychowdhury Rd,Dugga Elo 2026
kolkata-0096,Barisha Yuva Brinda,South Suburban/South-West Kolkata,13 Biren Roy Road W,Behala Chowrasta,,,Community Puja,,Community Puja in South Suburban/South-West Kolkata. Address: 13 Biren Roy Road W,Dugga Elo 2026
kolkata-0097,Behala Aikya Sammilani,South Suburban/South-West Kolkata,"Chamrapatti, Behala",Taratala,,,Community Puja,,"Community Puja in South Suburban/South-West Kolkata. Address: Chamrapatti, Behala",Dugga Elo 2026
kolkata-0098,Behala Natun Dal,South Suburban/South-West Kolkata,"12/2 Auddy Bagan Basti, Behala",Behala Bazar,,,Community Puja,,"Community Puja in South Suburban/South-West Kolkata. Address: 12/2 Auddy Bagan Basti, Behala",Dugga Elo 2026
kolkata-0099,Behala Shree Sangha,South Suburban/South-West Kolkata,"James Long Sarani, Bhairabitala, Behala",Behala Bazar,,,Community Puja,,"Community Puja in South Suburban/South-West Kolkata. Address: James Long Sarani, Bhairabitala, Behala",Dugga Elo 2026
kolkata-0100,Behala Young,South Suburban/South-West Kolkata,"19 SN Roy Rd, Sahapur",Taratala,,,Community Puja,,"Community Puja in South Suburban/South-West Kolkata. Address: 19 SN Roy Rd, Sahapur",Dugga Elo 2026
kolkata-0101,Boral Sukanta Sangha,South Suburban/South-West Kolkata,"Sukanta Pally, Lakepally Rd, Boral",Kavi Nazrul,,,Community Puja,,"Community Puja in South Suburban/South-West Kolkata. Address: Sukanta Pally, Lakepally Rd, Boral",Dugga Elo 2026
kolkata-0102,Naba Durga,South Suburban/South-West Kolkata,Garia Place,Kavi Nazrul,,,Community Puja,,Community Puja in South Suburban/South-West Kolkata. Address: Garia Place,Dugga Elo 2026
kolkata-0103,Nabin Sathi Club,South Suburban/South-West Kolkata,"Ustad Amir Ali Khan Sarani, Haridevpur",Netaji,,,Community Puja,,"Community Puja in South Suburban/South-West Kolkata. Address: Ustad Amir Ali Khan Sarani, Haridevpur",Dugga Elo 2026
kolkata-0104,Naktala Sammilani Club Padma-Shree,South Suburban/South-West Kolkata,"19 Naktala Rd, Keya Bagan",Masterda Surya Sen,,,Community Puja,,"Community Puja in South Suburban/South-West Kolkata. Address: 19 Naktala Rd, Keya Bagan",Dugga Elo 2026
kolkata-0105,Naktala Udayan Sangha,South Suburban/South-West Kolkata,"Naktala, Garia",Gitanjali,,,Community Puja,Very High,"Community Puja in South Suburban/South-West Kolkata. Address: Naktala, Garia",Dugga Elo 2026
kolkata-0106,Nandana Yuba Sangha,South Suburban/South-West Kolkata,"47 Nandana Park, Behala",Taratala,,,Community Puja,,"Community Puja in South Suburban/South-West Kolkata. Address: 47 Nandana Park, Behala",Dugga Elo 2026
kolkata-0107,Netaji Jatiya Sebadal,South Suburban/South-West Kolkata,"130A NSC Bose Rd, Regent Park",Netaji,,,Community Puja,,"Community Puja in South Suburban/South-West Kolkata. Address: 130A NSC Bose Rd, Regent Park",Dugga Elo 2026
kolkata-0108,Roychoudhury Barir Durga Pujo,South Suburban/South-West Kolkata,"26 Sabarna Para Rd, Barisha",Sakherbazar,,,Community Puja,,"Community Puja in South Suburban/South-West Kolkata. Address: 26 Sabarna Para Rd, Barisha",Dugga Elo 2026
kolkata-0109,Udayan Pally,South Suburban/South-West Kolkata,"Diamond Harbour Rd, Barisha",Sakherbazar,,,Community Puja,,"Community Puja in South Suburban/South-West Kolkata. Address: Diamond Harbour Rd, Barisha",Dugga Elo 2026
kolkata-0110,Vivekananda Sporting,South Suburban/South-West Kolkata,"66/A Vivekananda Park, Paschim Putiary",Netaji,,,Community Puja,,"Community Puja in South Suburban/South-West Kolkata. Address: 66/A Vivekananda Park, Paschim Putiary",Dugga Elo 2026
kolkata-0111,25 Palli,Port Area Kolkata,10 Gopal Ghosh Lane,Barun Sengupta,,,Community Puja,,Community Puja in Port Area Kolkata. Address: 10 Gopal Ghosh Lane,Dugga Elo 2026
kolkata-0112,26 Palli,Port Area Kolkata,22/1B Mohan Chandra Rd,Barun Sengupta,,,Community Puja,,Community Puja in Port Area Kolkata. Address: 22/1B Mohan Chandra Rd,Dugga Elo 2026
kolkata-0113,74 Palli,Port Area Kolkata,5B Monilal Banerjee Rd,Barun Sengupta,,,Community Puja,,Community Puja in Port Area Kolkata. Address: 5B Monilal Banerjee Rd,Dugga Elo 2026
kolkata-0114,75 Palli (Port),Port Area Kolkata,"11C Ramanath Pal Rd, Kidderpore",Barun Sengupta,,,Community Puja,,"Community Puja in Port Area Kolkata. Address: 11C Ramanath Pal Rd, Kidderpore",Dugga Elo 2026
kolkata-0115,Kabitirtha Saradotsav,Port Area Kolkata,13/1 Ram Kamal St,Barun Sengupta,,,Community Puja,,Community Puja in Port Area Kolkata. Address: 13/1 Ram Kamal St,Dugga Elo 2026
kolkata-0116,Khidderpore Nabarag Saradotsav,Port Area Kolkata,30A Kidderpore,Barun Sengupta,,,Community Puja,,Community Puja in Port Area Kolkata. Address: 30A Kidderpore,Dugga Elo 2026
kolkata-0117,Khidderpore Palli Saradiya,Port Area Kolkata,16A Hem Chandra St,Barun Sengupta,,,Community Puja,,Community Puja in Port Area Kolkata. Address: 16A Hem Chandra St,Dugga Elo 2026
kolkata-0118,Khidderpore Sarbojanin,Port Area Kolkata,Mansatala Row,Barun Sengupta,,,Community Puja,,Community Puja in Port Area Kolkata. Address: Mansatala Row,Dugga Elo 2026
kolkata-0119,Udayan,Port Area Kolkata,"Hem Chandra St, Andaman Dock",Barun Sengupta,,,Community Puja,,"Community Puja in Port Area Kolkata. Address: Hem Chandra St, Andaman Dock",Dugga Elo 2026
kolkata-0120,Salt Lake G Block,Salt Lake,"G Block, Bidhannagar",,,,Community Puja,,"Community Puja in Salt Lake. Address: G Block, Bidhannagar",PujoKolkata 2026
kolkata-0121,Salt Lake AA Block,Salt Lake,"AA Block, Bidhannagar",,,,Community Puja,,"Community Puja in Salt Lake. Address: AA Block, Bidhannagar",PujoKolkata 2026
kolkata-0122,Salt Lake AB Block,Salt Lake,"AB Block, Bidhannagar",,,,Community Puja,,"Community Puja in Salt Lake. Address: AB Block, Bidhannagar",PujoKolkata 2026
kolkata-0123,Salt Lake AC Block,Salt Lake,"AC Block, Bidhannagar",,,,Community Puja,,"Community Puja in Salt Lake. Address: AC Block, Bidhannagar",PujoKolkata 2026
kolkata-0124,Salt Lake AD Block,Salt Lake,"AD Block, Bidhannagar",,,,Community Puja,,"Community Puja in Salt Lake. Address: AD Block, Bidhannagar",PujoKolkata 2026
kolkata-0125,Salt Lake AE Block,Salt Lake,"AE Block, Bidhannagar",,,,Community Puja,,"Community Puja in Salt Lake. Address: AE Block, Bidhannagar",PujoKolkata 2026
kolkata-0126,Salt Lake AG Block,Salt Lake,"AG Block, Bidhannagar",,,,Community Puja,,"Community Puja in Salt Lake. Address: AG Block, Bidhannagar",PujoKolkata 2026
kolkata-0127,Salt Lake AH Block,Salt Lake,"AH Block, Bidhannagar",,,,Community Puja,,"Community Puja in Salt Lake. Address: AH Block, Bidhannagar",PujoKolkata 2026
kolkata-0128,Salt Lake AJ Block,Salt Lake,"AJ Block, Bidhannagar",,,,Community Puja,,"Community Puja in Salt Lake. Address: AJ Block, Bidhannagar",PujoKolkata 2026
kolkata-0129,Salt Lake AK Block,Salt Lake,"AK Block, Bidhannagar",,,,Community Puja,,"Community Puja in Salt Lake. Address: AK Block, Bidhannagar",PujoKolkata 2026
kolkata-0130,Salt Lake AL Block,Salt Lake,"AL Block, Bidhannagar",,,,Community Puja,,"Community Puja in Salt Lake. Address: AL Block, Bidhannagar",PujoKolkata 2026
kolkata-0131,Salt Lake BA Block,Salt Lake,"BA Block, Bidhannagar",,,,Community Puja,,"Community Puja in Salt Lake. Address: BA Block, Bidhannagar",PujoKolkata 2026
kolkata-0132,Salt Lake BB Block,Salt Lake,"BB Block, Bidhannagar",,,,Community Puja,,"Community Puja in Salt Lake. Address: BB Block, Bidhannagar",PujoKolkata 2026
kolkata-0133,Salt Lake BC Block,Salt Lake,"BC Block, Bidhannagar",,,,Community Puja,,"Community Puja in Salt Lake. Address: BC Block, Bidhannagar",PujoKolkata 2026
kolkata-0134,Salt Lake BD Block,Salt Lake,"BD Block, Bidhannagar",,,,Community Puja,,"Community Puja in Salt Lake. Address: BD Block, Bidhannagar",PujoKolkata 2026
kolkata-0135,Salt Lake BE Block,Salt Lake,"BE Block, Bidhannagar",,,,Community Puja,,"Community Puja in Salt Lake. Address: BE Block, Bidhannagar",PujoKolkata 2026
kolkata-0136,Salt Lake BG Block,Salt Lake,"BG Block, Bidhannagar",,,,Community Puja,,"Community Puja in Salt Lake. Address: BG Block, Bidhannagar",PujoKolkata 2026
kolkata-0137,Salt Lake BH Block,Salt Lake,"BH Block, Bidhannagar",,,,Community Puja,,"Community Puja in Salt Lake. Address: BH Block, Bidhannagar",PujoKolkata 2026
kolkata-0138,Salt Lake BJ Block,Salt Lake,"BJ Block, Bidhannagar",,,,Community Puja,,"Community Puja in Salt Lake. Address: BJ Block, Bidhannagar",PujoKolkata 2026
kolkata-0139,Salt Lake BK Block,Salt Lake,"BK Block, Bidhannagar",,,,Community Puja,,"Community Puja in Salt Lake. Address: BK Block, Bidhannagar",PujoKolkata 2026
kolkata-0140,Salt Lake BL Block,Salt Lake,"BL Block, Bidhannagar",,,,Community Puja,,"Community Puja in Salt Lake. Address: BL Block, Bidhannagar",PujoKolkata 2026
kolkata-0141,Salt Lake CA Block,Salt Lake,"CA Block, Bidhannagar",,,,Community Puja,,"Community Puja in Salt Lake. Address: CA Block, Bidhannagar",PujoKolkata 2026
kolkata-0142,Salt Lake CB Block,Salt Lake,"CB Block, Bidhannagar",,,,Community Puja,,"Community Puja in Salt Lake. Address: CB Block, Bidhannagar",PujoKolkata 2026
kolkata-0143,Salt Lake CD Block,Salt Lake,"CD Block, Bidhannagar",,,,Community Puja,,"Community Puja in Salt Lake. Address: CD Block, Bidhannagar",PujoKolkata 2026
kolkata-0144,Salt Lake CE Block,Salt Lake,"CE Block, Bidhannagar",,,,Community Puja,,"Community Puja in Salt Lake. Address: CE Block, Bidhannagar",PujoKolkata 2026
kolkata-0145,Salt Lake CG Block,Salt Lake,"CG Block, Bidhannagar",,,,Community Puja,,"Community Puja in Salt Lake. Address: CG Block, Bidhannagar",PujoKolkata 2026
kolkata-0146,Salt Lake CJ Block,Salt Lake,"CJ Block, Bidhannagar",,,,Community Puja,,"Community Puja in Salt Lake. Address: CJ Block, Bidhannagar",PujoKolkata 2026
kolkata-0147,Salt Lake CK-CL Block,Salt Lake,"CK-CL Block, Bidhannagar",,,,Community Puja,,"Community Puja in Salt Lake. Address: CK-CL Block, Bidhannagar",PujoKolkata 2026
kolkata-0148,Salt Lake DA Block,Salt Lake,"DA Block, Bidhannagar",,,,Community Puja,,"Community Puja in Salt Lake. Address: DA Block, Bidhannagar",PujoKolkata 2026
kolkata-0149,Salt Lake DB Block,Salt Lake,"DB Block, Bidhannagar",,,,Community Puja,,"Community Puja in Salt Lake. Address: DB Block, Bidhannagar",PujoKolkata 2026
kolkata-0150,Salt Lake DL Block,Salt Lake,"DL Block, Bidhannagar",,,,Community Puja,,"Community Puja in Salt Lake. Address: DL Block, Bidhannagar",PujoKolkata 2026
kolkata-0151,Salt Lake EC Market,Salt Lake,"EC Market, Salt Lake",,,,Community Puja,,"Community Puja in Salt Lake. Address: EC Market, Salt Lake",PujoKolkata 2026
kolkata-0152,Salt Lake EE Block,Salt Lake,"EE Block, Bidhannagar",,,,Community Puja,,"Community Puja in Salt Lake. Address: EE Block, Bidhannagar",PujoKolkata 2026
kolkata-0153,Salt Lake FC Block,Salt Lake,"FC Block, Bidhannagar",,,,Community Puja,,"Community Puja in Salt Lake. Address: FC Block, Bidhannagar",PujoKolkata 2026
kolkata-0154,Salt Lake FD Block,Salt Lake,"FD Block, Bidhannagar",,,,Community Puja,,"Community Puja in Salt Lake. Address: FD Block, Bidhannagar",PujoKolkata 2026
kolkata-0155,Salt Lake FE Block,Salt Lake,"FE Block, Bidhannagar",,,,Community Puja,,"Community Puja in Salt Lake. Address: FE Block, Bidhannagar",PujoKolkata 2026
kolkata-0156,Salt Lake GC Block,Salt Lake,"GC Block, Bidhannagar",,,,Community Puja,,"Community Puja in Salt Lake. Address: GC Block, Bidhannagar",PujoKolkata 2026
kolkata-0157,Salt Lake GD Block,Salt Lake,"GD Block, Bidhannagar",,,,Community Puja,,"Community Puja in Salt Lake. Address: GD Block, Bidhannagar",PujoKolkata 2026
kolkata-0158,Salt Lake HA Block,Salt Lake,"HA Block, Bidhannagar",,,,Community Puja,,"Community Puja in Salt Lake. Address: HA Block, Bidhannagar",PujoKolkata 2026
kolkata-0159,Salt Lake HB Block,Salt Lake,"HB Block, Bidhannagar",,,,Community Puja,,"Community Puja in Salt Lake. Address: HB Block, Bidhannagar",PujoKolkata 2026
kolkata-0160,Salt Lake IA Block,Salt Lake,"IA Block, Bidhannagar",,,,Community Puja,,"Community Puja in Salt Lake. Address: IA Block, Bidhannagar",PujoKolkata 2026
kolkata-0161,Salt Lake IB Block,Salt Lake,"IB Block, Bidhannagar",,,,Community Puja,,"Community Puja in Salt Lake. Address: IB Block, Bidhannagar",PujoKolkata 2026
kolkata-0162,Salt Lake JC Block,Salt Lake,"JC Block, Bidhannagar",,,,Community Puja,,"Community Puja in Salt Lake. Address: JC Block, Bidhannagar",PujoKolkata 2026
kolkata-0163,Salt Lake Laboni,Salt Lake,"Laboni, Salt Lake",,,,Community Puja,,"Community Puja in Salt Lake. Address: Laboni, Salt Lake",PujoKolkata 2026
kolkata-0164,New Town Sarbojanin (BG Block),Salt Lake/New Town,"BG Block, Action Area 1, New Town",Salt Lake Sector-V,,,Community Puja,,"Community Puja in Salt Lake/New Town. Address: BG Block, Action Area 1, New Town",Dugga Elo 2026
kolkata-0165,Bagbazar Sarbojanin Durgotsav,North Kolkata,"Bagbazar Launch Ghat area, North Kolkata",Shobhabazar–Sutanuti,,,Heritage / Traditional,,"Heritage / Traditional in North Kolkata. Address: Bagbazar Launch Ghat area, North Kolkata",Legacy user dataset — verify before publishing
kolkata-0166,College Square Sarbojonin Durgotsab,North/Central Kolkata,"College Square, near College Street, Kolkata",Central (Gate 6),,,Heritage / Theme-based,,"Heritage / Theme-based in North/Central Kolkata. Address: College Square, near College Street, Kolkata",Legacy user dataset — verify before publishing
kolkata-0167,Jagat Mukherjee Park,North Kolkata,,Shobhabazar,,,Heritage / Theme-based,,Heritage / Theme-based in North Kolkata. Address: nan,Legacy user dataset — verify before publishing
kolkata-0168,Hatibagan Sarbojanin,North Kolkata,,Shobhabazar,,,Theme-based,,Theme-based in North Kolkata. Address: nan,Legacy user dataset — verify before publishing
kolkata-0169,Ahiritola Sarbojanin,North Kolkata,,,,,Heritage,,Heritage in North Kolkata. Address: nan,Legacy user dataset — verify before publishing
kolkata-0170,Kankurgachi Yubak Brinda,North/East Kolkata,"P-244, CIT Road, Scheme VI M, Kankurgachi, Kolkata 700054",,,,Theme-based,,"Theme-based in North/East Kolkata. Address: P-244, CIT Road, Scheme VI M, Kankurgachi, Kolkata 700054",Legacy user dataset — verify before publishing
kolkata-0171,Bagmari Sarbojanin Durgotsav Committee,North Kolkata,"56A, Bagmari Lane, near Maniktala Crossing, Kolkata 700054",,,,Theme-based,,"Theme-based in North Kolkata. Address: 56A, Bagmari Lane, near Maniktala Crossing, Kolkata 700054",Legacy user dataset — verify before publishing
kolkata-0172,Telengabagan Sarbojanin,North Kolkata,,Ultadanga,,,Theme-based,,Theme-based in North Kolkata. Address: nan,Legacy user dataset — verify before publishing
kolkata-0173,Lake Town Adhibasi Brinda,North Kolkata,"Block A, Lake Town, Kolkata 700089",,,,Heritage / Theme-based,,"Heritage / Theme-based in North Kolkata. Address: Block A, Lake Town, Kolkata 700089",Legacy user dataset — verify before publishing
kolkata-0174,Dum Dum Park Tarun Sangha,North Kolkata,"Tank No. 2, Dum Dum Park, South Dum Dum, Kolkata 700055",Dum Dum / Belgachia,,,Theme-based,,"Theme-based in North Kolkata. Address: Tank No. 2, Dum Dum Park, South Dum Dum, Kolkata 700055",Legacy user dataset — verify before publishing
kolkata-0175,Santosh Mitra Square (Lebutala),Central Kolkata,"B.B. Ganguly Street, Sealdah, Kolkata 700012",Sealdah,,,Theme-based (large-scale),,"Theme-based (large-scale) in Central Kolkata. Address: B.B. Ganguly Street, Sealdah, Kolkata 700012",Legacy user dataset — verify before publishing
kolkata-0176,Mohammad Ali Park,Central Kolkata,,,,,Theme-based,,Theme-based in Central Kolkata. Address: nan,Legacy user dataset — verify before publishing
kolkata-0177,Subodh Mallick Square,Central Kolkata,,,,,Cultural,,Cultural in Central Kolkata. Address: nan,Legacy user dataset — verify before publishing
kolkata-0178,"Taltala Sarbojanin (Pally Mangal Samity, Taltala Ground)",Central Kolkata,,,,,Community,,Community in Central Kolkata. Address: nan,Legacy user dataset — verify before publishing
kolkata-0179,Sikdar Bagan Sadharan Durga Puja,Central/North Kolkata,,,,,Heritage,,Heritage in Central/North Kolkata. Address: nan,Legacy user dataset — verify before publishing
kolkata-0180,Ekdalia Evergreen Club,South Kolkata,,Gariahat,,,Theme-based (heritage club),,Theme-based (heritage club) in South Kolkata. Address: nan,Legacy user dataset — verify before publishing
kolkata-0181,Singhi Park,South Kolkata,,,,,Theme-based,,Theme-based in South Kolkata. Address: nan,Legacy user dataset — verify before publishing
kolkata-0182,Sovabazar Barowari Durgotsab,North Kolkata,"67/49, Raja Nabakrishna Street, Sovabazar, Kolkata 700005",Shobhabazar–Sutanuti,,,Heritage / Traditional,,"Heritage / Traditional in North Kolkata. Address: 67/49, Raja Nabakrishna Street, Sovabazar, Kolkata 700005",Legacy user dataset — verify before publishing
kolkata-0183,Simla Byayam Samity,North Kolkata,"2/2, Balaram Ghosh Street, Kolkata 700004",Shobhabazar,,,Heritage / Traditional,,"Heritage / Traditional in North Kolkata. Address: 2/2, Balaram Ghosh Street, Kolkata 700004",Legacy user dataset — verify before publishing
kolkata-0184,Mohammad Ali Park Durga Puja,Central Kolkata,"Mahatma Gandhi Road, Kolkata 700006",Girish Park,,,Theme-based,,"Theme-based in Central Kolkata. Address: Mahatma Gandhi Road, Kolkata 700006",Legacy user dataset — verify before publishing
kolkata-0185,Manicktala Chaltabagan Lohapatty,North/Central Kolkata,"Chaltabagan / Maniktala, Kolkata 700006",Girish Park,,,Theme-based,,"Theme-based in North/Central Kolkata. Address: Chaltabagan / Maniktala, Kolkata 700006",Legacy user dataset — verify before publishing
kolkata-0186,Nalin Sarkar Street Sarbojanin,North Kolkata,"48B, Nalin Sarkar Street, Kolkata 700004",Shyambazar,,,Theme-based,,"Theme-based in North Kolkata. Address: 48B, Nalin Sarkar Street, Kolkata 700004",Legacy user dataset — verify before publishing
kolkata-0187,Hatibagan Nabin Pally,North Kolkata,"Hatibagan Nabin Pally, Kolkata 700004",Shyambazar,,,Theme-based,,"Theme-based in North Kolkata. Address: Hatibagan Nabin Pally, Kolkata 700004",Legacy user dataset — verify before publishing
kolkata-0188,Sikdar Bagan Sadharan Durga Puja,North Kolkata,"Sikdar Bagan, Kolkata 700006",Shobhabazar,,,Theme-based,,"Theme-based in North Kolkata. Address: Sikdar Bagan, Kolkata 700006",Legacy user dataset — verify before publishing
kolkata-0189,Tala Barowari,North Kolkata,"Tala Park / Tala, Kolkata",Shobhabazar,,,Heritage / Traditional,,"Heritage / Traditional in North Kolkata. Address: Tala Park / Tala, Kolkata",Legacy user dataset — verify before publishing
kolkata-0190,Dum Dum Park Tarun Dal,North/East Kolkata,"Dum Dum Park, Kolkata 700055",Dum Dum,,,Theme-based,,"Theme-based in North/East Kolkata. Address: Dum Dum Park, Kolkata 700055",Legacy user dataset — verify before publishing
kolkata-0191,Belgachia Sarbojanin,North Kolkata,"Belgachia, Kolkata",Belgachia,,,Theme-based,,"Theme-based in North Kolkata. Address: Belgachia, Kolkata",Legacy user dataset — verify before publishing
kolkata-0192,Ultadanga Pallyshree,North/East Kolkata,"17/18 Jaharlal Dutta Lane, Muchibazar, Ultadanga, Kolkata 700067",Belgachia,,,Traditional / Community Favorite,,"Traditional / Community Favorite in North/East Kolkata. Address: 17/18 Jaharlal Dutta Lane, Muchibazar, Ultadanga, Kolkata 700067",Legacy user dataset — verify before publishing
kolkata-0193,Kankurgachi Yubak Brinda,East Kolkata,"P-244, CIT Road, Scheme VI M, Kankurgachi, Kolkata 700054",Phoolbagan,,,Theme-based,,"Theme-based in East Kolkata. Address: P-244, CIT Road, Scheme VI M, Kankurgachi, Kolkata 700054",Legacy user dataset — verify before publishing
kolkata-0194,Beleghata Sarbojanin Durga Puja Committee,East Kolkata,"5 Dr Asutosh Sastri Road, Phoolbagan, Kolkata 700010",Phoolbagan,,,Traditional / Community Favorite,,"Traditional / Community Favorite in East Kolkata. Address: 5 Dr Asutosh Sastri Road, Phoolbagan, Kolkata 700010",Legacy user dataset — verify before publishing
kolkata-0195,Beliaghata 33 Palli,Central/East Kolkata,"Beliaghata, Kolkata",Phoolbagan,,,Theme-based,,"Theme-based in Central/East Kolkata. Address: Beliaghata, Kolkata",Legacy user dataset — verify before publishing
kolkata-0196,College Square Sarbojonin Durgotsab,Central Kolkata,"35, College Street, Kolkata 700073",Central,,,Heritage / Theme-based,,"Heritage / Theme-based in Central Kolkata. Address: 35, College Street, Kolkata 700073",Legacy user dataset — verify before publishing
kolkata-0197,Ballygunge Cultural Association,South Kolkata,"Gariahat Road, Ballygunge, Kolkata",Ballygunge,,,Theme-based,,"Theme-based in South Kolkata. Address: Gariahat Road, Ballygunge, Kolkata",Legacy user dataset — verify before publishing
kolkata-0198,Shib Mandir,South Kolkata,"1, Lake Temple Road, Kolkata 700029",Rabindra Sarobar,,,Theme-based,,"Theme-based in South Kolkata. Address: 1, Lake Temple Road, Kolkata 700029",Legacy user dataset — verify before publishing
kolkata-0199,Chetla Agrani Club,South/West Kolkata,"Chetla, Kolkata 700027",Jatin Das Park,,,Theme-based,,"Theme-based in South/West Kolkata. Address: Chetla, Kolkata 700027",Legacy user dataset — verify before publishing
kolkata-0200,Chetla Agrani Sarbojanin,South/West Kolkata,"Chetla, Kolkata",Jatin Das Park,,,Theme-based,,"Theme-based in South/West Kolkata. Address: Chetla, Kolkata",Legacy user dataset — verify before publishing
kolkata-0201,Rajdanga Naba Uday Sangha,South/East Kolkata,"Rajdanga, Kolkata",Ruby,,,Theme-based,,"Theme-based in South/East Kolkata. Address: Rajdanga, Kolkata",Legacy user dataset — verify before publishing
kolkata-0202,95 Pally,South Kolkata,"95 Pally, Kolkata",Rabindra Sarobar,,,Theme-based,,"Theme-based in South Kolkata. Address: 95 Pally, Kolkata",Legacy user dataset — verify before publishing
kolkata-0203,Hindusthan Park Sarbojanin,South Kolkata,"Hindustan Park, Kolkata 700029",Kalighat,,,Theme-based,,"Theme-based in South Kolkata. Address: Hindustan Park, Kolkata 700029",Legacy user dataset — verify before publishing
kolkata-0204,Alipore Sarbojanin,South/West Kolkata,"Alipore, Kolkata 700027",Jatin Das Park,,,Traditional / Theme-based,,"Traditional / Theme-based in South/West Kolkata. Address: Alipore, Kolkata 700027",Legacy user dataset — verify before publishing
kolkata-0205,Barisha Club,South/West Kolkata,"Barisha, Kolkata 700008",Behala Bazar,,,Theme-based,,"Theme-based in South/West Kolkata. Address: Barisha, Kolkata 700008",Legacy user dataset — verify before publishing
kolkata-0206,Behala Nutan Dal,South/West Kolkata,"Behala, Kolkata",Behala Bazar,,,Theme-based,,"Theme-based in South/West Kolkata. Address: Behala, Kolkata",Legacy user dataset — verify before publishing
kolkata-0207,Behala 29 Palli,South/West Kolkata,"19, S N Roy Road, Kolkata 700038",Taratala,,,Heritage / Theme-based,,"Heritage / Theme-based in South/West Kolkata. Address: 19, S N Roy Road, Kolkata 700038",Legacy user dataset — verify before publishing
kolkata-0208,New Town Sarbojanin,New Town/Rajarhat,"New Town, Kolkata",Salt Lake Sector V,,,Theme-based,,"Theme-based in New Town/Rajarhat. Address: New Town, Kolkata",Legacy user dataset — verify before publishing
kolkata-0209,AK Block Salt Lake,Salt Lake,"AK Block, Salt Lake, Kolkata 700091",Salt Lake Sector I,,,Theme-based,,"Theme-based in Salt Lake. Address: AK Block, Salt Lake, Kolkata 700091",Legacy user dataset — verify before publishing
kolkata-0210,Uddipani (Park Circus Sarbojanin Durgotsab),South/East Kolkata,"Park Circus, Kolkata",Park Circus,,,Theme-based / Award Winner,,"Theme-based / Award Winner in South/East Kolkata. Address: Park Circus, Kolkata",Legacy user dataset — verify before publishing
kolkata-0211,64 Pally Durgotsav Committee,South Kolkata,"28C, Satish Mukherjee Road, Kolkata 700026",Jatin Das Park,,,Theme-based / Traditional,,"Theme-based / Traditional in South Kolkata. Address: 28C, Satish Mukherjee Road, Kolkata 700026",Legacy user dataset — verify before publishing
